{
  "id": "1616815",
  "name": "test",
  "font_family": "iconfont",
  "css_prefix_text": "icon-",
  "description": "",
  "glyphs": [
    {
      "icon_id": "584245",
      "name": "搜索",
      "font_class": "iconfonticonfontsousuo1",
      "unicode": "e62f",
      "unicode_decimal": 58927
    },
    {
      "icon_id": "677360",
      "name": "首页",
      "font_class": "shouye",
      "unicode": "e60c",
      "unicode_decimal": 58892
    },
    {
      "icon_id": "681188",
      "name": "后退",
      "font_class": "houtui",
      "unicode": "e749",
      "unicode_decimal": 59209
    },
    {
      "icon_id": "5771114",
      "name": "首页",
      "font_class": "home",
      "unicode": "e616",
      "unicode_decimal": 58902
    }
  ]
}
